person1,1715324134.5536964,1715324144.5536964,Out side
person2,1715324135.9092393,1715324145.9092393,Out side
person3,1715324135.9383514,1715324145.9383514,Out side
vishwas,1715324136.1141937,1715324146.1141937,Out side
person2,1715324146.2649872,1715324156.2649872,Out side
person3,1715324146.2935233,1715324156.2935233,Out side
person1,1715324147.020208,1715324157.020208,Out side
person2,1715324156.5546634,1715324166.5546634,Out side
person3,1715324156.5841036,1715324166.5841036,Out side
person1,1715324157.1876838,1715324167.1876838,Office Front Side
chair6,1715324159.0036433,1715324169.0036433,Office Front Side
chair7,1715324159.0037582,1715324169.0037582,Office Front Side
person22,1715324159.3008132,1715324169.3008132,Office Front Side
vishwas,1715324166.901729,1715324176.901729,Office Front Side
person26,1715324171.521805,1715324181.521805,Office Front Side
person27,1715324171.5505662,1715324181.5505662,Office Front Side
person26,1715324181.749109,1715324191.749109,Cabin Celing View
person28,1715324182.4598274,1715324192.4598274,Office Front Side
chair24,1715324185.8376262,1715324195.8376262,Office Front Side
person26,1715324192.0975785,1715324202.0975785,Office Front Side
person28,1715324192.8706865,1715324202.8706865,Office Front Side
mani,1715324193.5083463,1715324203.5083463,Office Front Side
person38,1715324195.151579,1715324205.151579,Office Front Side
toilet3,1715324195.2416096,1715324205.2416096,Office Front Side
chair36,1715324196.2852495,1715324206.2852495,Office Front Side
chair33,1715324200.5763378,1715324210.5763378,Office Front Side
person26,1715324202.4172823,1715324212.4172823,Office Front Side
person41,1715324202.9792912,1715324212.9792912,Office Front Side
person38,1715324205.400021,1715324215.400021,Office Front Side
